{
  "name": "skitter-slideshow",
  "version": "5.1.4",
  "homepage": "http://skitter-slider.net",
  "description": "Skitter is a jquery slider responsive with multiple transitions and customization.",
  "main": [
    "dist/jquery.skitter.js"
  ],
  "keywords": [
    "slider",
    "slideshow",
    "transition",
    "animation",
    "responsive"
  ],
  "authors": [
    "Thiago Silva Ferreira <thiago@thiagosf.net>"
  ],
  "license": "MIT",
  "dependencies": {
    "jquery": ">= 2.1.0",
    "jquery.easing": ">= 1.3.0"
  },
  "_release": "5.1.4",
  "_resolution": {
    "type": "version",
    "tag": "5.1.4",
    "commit": "561313594e8e26aa4d610423668de8b701cdcb63"
  },
  "_source": "https://github.com/thiagosf/SkitterSlideshow.git",
  "_target": "^5.1.4",
  "_originalSource": "skitter",
  "_direct": true
}